Workbook

Sheet README
A1: IEOR 4004 | Demand & Storage Inputs (Revised)
A3: DELIVERY | B3: WHAT / HOW TO USE
A4: LP_Ready | B4: Copy 12 x 3 monthly contracted demand (Dth/month), storage maximum capacity and initial inventory (Dth).
A5: Monthly_Demand_Dth | B5: Formula-based monthly NY/NJ/PA merchant demand. Daily averages are for scale checks, NOT daily peak obligations.
A6: Storage_Inputs | B6: Two storage facilities: maximum leased working-gas capacity and March-2025-based initial inventory, both in Dth.
A7: Model_Inputs | B7: EDIT BLUE-INPUT VALUES: company annual scale, NY/NJ/PA allocation, PA/NY leased shares, heating factor.
A8: EIA_Demand | B8: 12 months of state delivered gas from the NEW, corrected Demand(1).xlsx, units MMcf; imputation flags included.
A9: EIA_Storage_History | B9: PA/NY EIA state working gas inventory monthly values (MMcf), NOT the merchant optimal monthly inventory.
A10: Model date range | B10: 2025-04 to 2026-03, 12 months; initial inventory taken from Mar 2025 (just before Apr model start).
A11: Company scale | B11: 30 Bcf/y is a PRELIMINARY SCENARIO, benchmarked against NJR Energy Services 108.6 Bcf managed/sold FY2025.
A12: Market allocation | B12: 45% NY / 25% NJ / 30% PA are ASSUMPTIONS, not observed merchant state market shares.
A13: Storage lease sizes | B13: PA 0.5% of EIA statewide working capacity; NY 1.0%. Both are ASSUMPTIONS, not actual company contracts.
A14: Initial fill | B14: Observed Mar 2025 statewide inventory/capacity ratio is applied as a PROXY for each modeled merchant facility.
... A31: EIA interpolation | B31: NJ Jul/Aug/Oct 2025 and PA Nov/Dec 2025 are previously estimated values carried over from input workbook.

Sheet Model_Inputs
A1: Model assumptions & derived merchant shares
A2: Blue numbers are inputs; formula rows update automatically when demand or assumptions change
A4: PARAMETER | B4: VALUE | C4: UNIT | D4: METHOD / CAVEAT
A5: MMcf to Dth | B5: 1037 | C5: Dth/MMcf | D5: Assumed gas heat content of ~1.037 MMBtu/Mcf; no exact volume-to-energy identity.
A6: Bcf to MMcf | B6: 1000 | C6: MMcf/Bcf | D6: Volume unit conversion.
A7: Annual merchant demand | B7: 30 | C7: Bcf/year | D7: Hypothetical regional division; NJR 108.6 Bcf managed/sold FY2025 is peer scale only.
A8: NY annual volume allocation | B8: 0.45 | C8: share | D8: Hypothetical regional demand allocation.
A9: NJ annual volume allocation | B9: 0.25 | C9: share | D9: Hypothetical regional demand allocation.
A10: PA annual volume allocation | B10: 0.3 | C10: share | D10: Hypothetical regional demand allocation.
A11: Annual state demand NY | B11: =SUM(EIA_Demand!B5:B16) -> 1384490 | C11: MMcf/y | D11: Sum of uploaded NY monthly EIA series (corrected sheet).
A12: Annual state demand NJ | B12: =SUM(EIA_Demand!C5:C16) -> 716944 | C12: MMcf/y | D12: Sum of uploaded NJ series including three estimated months.
A13: Annual state demand PA | B13: =SUM(EIA_Demand!D5:D16) -> 1673131 | C13: MMcf/y | D13: Sum of uploaded PA series including two estimated months.
A14: Merchant share NY | B14: =$B$7*$B$6*$B$8/B11 -> 0.009750883 | C14: share | D14: Merchant annual allocated Bcf / state annual EIA Bcf.
A15: Merchant share NJ | B15: =$B$7*$B$6*$B$9/B12 -> 0.010461068 | C15: share | D15: Merchant annual allocated Bcf / state annual EIA Bcf.
A16: Merchant share PA | B16: =$B$7*$B$6*$B$10/B13 -> 0.0053791365 | C16: share | D16: Merchant annual allocated Bcf / state annual EIA Bcf.
A17: Leased storage share PA | B17: 0.005 | C17: share | D17: Preliminary assumed fraction of PA statewide working gas capacity.
A18: Leased storage share NY | B18: 0.01 | C18: share | D18: Preliminary assumed fraction of NY statewide working gas capacity.
A19: PA state working capacity | B19: 426326 | C19: MMcf | D19: Previously sourced EIA Mar 2025 state working gas capacity (not present in inventory CSV).
A20: NY state working capacity | B20: 125198 | C20: MMcf | D20: Previously sourced EIA Mar 2025 state working gas capacity (not present in inventory CSV).
A21: PA EIA March 2025 inventory | B21: =EIA_Storage_History!C5 -> 126799 | C21: MMcf | D21: Read from uploaded PA inventory.csv; March 2025.
A22: NY EIA March 2025 inventory | B22: =EIA_Storage_History!B5 -> 42090 | C22: MMcf | D22: Read from uploaded NY INVENTORY.csv; March 2025.
A23: Initial fill ratio PA | B23: =B21/B19 -> 0.29742263 | C23: share | D23: PA EIA March 2025 state inventory / state capacity; proxy merchant fill.
A24: Initial fill ratio NY | B24: =B22/B20 -> 0.33618748 | C24: share | D24: NY EIA March 2025 state inventory / state capacity; proxy merchant fill.
A27: QUALITY CHECK | B27: RESULT | C27: EXPECTED | D27: INTERPRETATION
A28: State allocation sums to 100% | B28: =SUM(B8:B10) -> 1 | C28: 1 | D28: Total of NY+NJ+PA allocation fractions.
A29: LP demand matches annual volume | B29: =Monthly_Demand_Dth!E17/(B5*B6) -> 30 | C29: 30 Bcf | D29: Monthly Dth total / assumed Dth per Bcf.
A30: Storage initial <= max | B30: =AND(Storage_Inputs!K5<=Storage_Inputs!F5,Storage_Inputs!K6<=Storage_Inputs!F6) -> TRUE | C30: TRUE | D30: Both modeled starting inventories stay inside leased bounds.
A31: Imported NY Jan 2026 | B31: =EIA_Demand!B14 -> 197284 | C31: 197,284 MMcf | D31: Confirms corrected NY source series was used.

Sheet EIA_Demand
A1: EIA Natural Gas Delivered to Consumers
A2: Source: revised Demand(1).xlsx | Input unit = Million Cubic Feet (MMcf)
A4: MONTH | B4: NY (MMcf) | C4: NJ (MMcf) | D4: PA (MMcf) | E4: NY STATUS | F4: NJ STATUS | G4: PA STATUS
A5: 2025-04 | B5: 92494 | C5: 59515 | D5: 117254 | E5: EIA | F5: EIA as provided | G5: EIA as provided
A6: 2025-05 | B6: 73579 | C6: 30077 | D6: 116314 | E6: EIA | F6: EIA as provided | G6: EIA as provided
A7: 2025-06 | B7: 82245 | C7: 39042 | D7: 122264 | E7: EIA | F7: EIA as provided | G7: EIA as provided
A8: 2025-07 | B8: 99134 | C8: 47957 | D8: 135432 | E8: EIA | F8: Estimated (historical YoY) | G8: EIA as provided
A9: 2025-08 | B9: 79099 | C9: 38585 | D9: 122957 | E9: EIA | F9: Estimated (historical YoY) | G9: EIA as provided
A10: 2025-09 | B10: 68949 | C10: 33320 | D10: 110663 | E10: EIA | F10: EIA as provided | G10: EIA as provided
A11: 2025-10 | B11: 83014 | C11: 42598 | D11: 111107 | E11: EIA | F11: Estimated (historical YoY) | G11: EIA as provided
A12: 2025-11 | B12: 124282 | C12: 63475 | D12: 136195 | E12: EIA | F12: EIA as provided | G12: Estimated (historical YoY)
A13: 2025-12 | B13: 180965 | C13: 93940 | D13: 177798 | E13: EIA | F13: EIA as provided | G13: Estimated (historical YoY)
A14: 2026-01 | B14: 197284 | C14: 100533 | D14: 204213 | E14: EIA | F14: EIA as provided | G14: EIA as provided
A15: 2026-02 | B15: 166897 | C15: 101704 | D15: 173624 | E15: EIA | F15: EIA as provided | G15: EIA as provided
A16: 2026-03 | B16: 136548 | C16: 66198 | D16: 145310 | E16: EIA | F16: EIA as provided | G16: EIA as provided
A17: ANNUAL STATE TOTAL | B17: =SUM(B5:B16) -> 1384490 | C17: =SUM(C5:C16) -> 716944 | D17: =SUM(D5:D16) -> 1673131
A19: Estimated months: NJ Jul, Aug, Oct 2025; PA Nov, Dec 2025. These are supplied imputed figures, not raw EIA publication values.
A20: All original quantities are MMcf. LP demands will be converted to Dth/month on the next sheet.

Sheet Monthly_Demand_Dth
A1: Monthly contracted demand for LP
A2: D_{j,t} = State EIA MMcf x 1,037 Dth/MMcf x state merchant share
A4: MONTH | B4: NY (Dth/month) | C4: NJ (Dth/month) | D4: PA (Dth/month) | E4: TOTAL (Dth/month) | F4: DAYS | G4: NY AVG Dth/day | H4: NJ AVG Dth/day | I4: PA AVG Dth/day
A5: 2025-04 | B5: =EIA_Demand!B5*Model_Inputs!$B$5*Model_Inputs!$B$14 -> 935268.4 | C5: =EIA_Demand!C5*Model_Inputs!$B$5*Model_Inputs!$B$15 -> 645626.31 | D5: =EIA_Demand!D5*Model_Inputs!$B$5*Model_Inputs!$B$16 -> 654062.1 | E5: =SUM(B5:D5) -> 2234956.8 | F5: 30 | G5: =B5/F5 -> 31175.613 | H5: =C5/F5 -> 21520.877 | I5: =D5/F5 -> 21802.07
A6: 2025-05 | B6: =EIA_Demand!B6*Model_Inputs!$B$5*Model_Inputs!$B$14 -> 744006.25 | C6: =EIA_Demand!C6*Model_Inputs!$B$5*Model_Inputs!$B$15 -> 326279.13 | D6: =EIA_Demand!D6*Model_Inputs!$B$5*Model_Inputs!$B$16 -> 648818.63 | E6: =SUM(B6:D6) -> 1719104 | F6: 31 | G6: =B6/F6 -> 24000.202 | H6: =C6/F6 -> 10525.133 | I6: =D6/F6 -> 20929.633
A7: 2025-06 | B7: =EIA_Demand!B7*Model_Inputs!$B$5*Model_Inputs!$B$14 -> 831633.94 | C7: =EIA_Demand!C7*Model_Inputs!$B$5*Model_Inputs!$B$15 -> 423532.6 | D7: =EIA_Demand!D7*Model_Inputs!$B$5*Model_Inputs!$B$16 -> 682008.71 | E7: =SUM(B7:D7) -> 1937175.2 | F7: 30 | G7: =B7/F7 -> 27721.131 | H7: =C7/F7 -> 14117.753 | I7: =D7/F7 -> 22733.624
A8: 2025-07 | B8: =EIA_Demand!B8*Model_Inputs!$B$5*Model_Inputs!$B$14 -> 1002409.9 | C8: =EIA_Demand!C8*Model_Inputs!$B$5*Model_Inputs!$B$15 -> 520243.66 | D8: =EIA_Demand!D8*Model_Inputs!$B$5*Model_Inputs!$B$16 -> 755461.98 | E8: =SUM(B8:D8) -> 2278115.5 | F8: 31 | G8: =B8/F8 -> 32335.802 | H8: =C8/F8 -> 16782.053 | I8: =D8/F8 -> 24369.741
A9: 2025-08 | B9: =EIA_Demand!B9*Model_Inputs!$B$5*Model_Inputs!$B$14 -> 799822.64 | C9: =EIA_Demand!C9*Model_Inputs!$B$5*Model_Inputs!$B$15 -> 418575 | D9: =EIA_Demand!D9*Model_Inputs!$B$5*Model_Inputs!$B$16 -> 685874.38 | E9: =SUM(B9:D9) -> 1904272 | F9: 31 | G9: =B9/F9 -> 25800.73 | H9: =C9/F9 -> 13502.419 | I9: =D9/F9 -> 22124.98
A10: 2025-09 | B10: =EIA_Demand!B10*Model_Inputs!$B$5*Model_Inputs!$B$14 -> 697189.24 | C10: =EIA_Demand!C10*Model_Inputs!$B$5*Model_Inputs!$B$15 -> 361459.61 | D10: =EIA_Demand!D10*Model_Inputs!$B$5*Model_Inputs!$B$16 -> 617296.42 | E10: =SUM(B10:D10) -> 1675945.3 | F10: 30 | G10: =B10/F10 -> 23239.641 | H10: =C10/F10 -> 12048.654 | I10: =D10/F10 -> 20576.547
A11: 2025-10 | B11: =EIA_Demand!B11*Model_Inputs!$B$5*Model_Inputs!$B$14 -> 839409.81 | C11: =EIA_Demand!C11*Model_Inputs!$B$5*Model_Inputs!$B$15 -> 462108.54 | D11: =EIA_Demand!D11*Model_Inputs!$B$5*Model_Inputs!$B$16 -> 619773.13 | E11: =SUM(B11:D11) -> 1921291.5 | F11: 31 | G11: =B11/F11 -> 27077.736 | H11: =C11/F11 -> 14906.727 | I11: =D11/F11 -> 19992.682
A12: 2025-11 | B12: =EIA_Demand!B12*Model_Inputs!$B$5*Model_Inputs!$B$14 -> 1256698 | C12: =EIA_Demand!C12*Model_Inputs!$B$5*Model_Inputs!$B$15 -> 688584.9 | D12: =EIA_Demand!D12*Model_Inputs!$B$5*Model_Inputs!$B$16 -> 759718.12 | E12: =SUM(B12:D12) -> 2705001.1 | F12: 30 | G12: =B12/F12 -> 41889.934 | H12: =C12/F12 -> 22952.83 | I12: =D12/F12 -> 25323.937
A13: 2025-12 | B13: =EIA_Demand!B13*Model_Inputs!$B$5*Model_Inputs!$B$14 -> 1829857.6 | C13: =EIA_Demand!C13*Model_Inputs!$B$5*Model_Inputs!$B$15 -> 1019073.1 | D13: =EIA_Demand!D13*Model_Inputs!$B$5*Model_Inputs!$B$16 -> 991786.5 | E13: =SUM(B13:D13) -> 3840717.2 | F13: 31 | G13: =B13/F13 -> 59027.664 | H13: =C13/F13 -> 32873.326 | I13: =D13/F13 -> 31993.113
A14: 2026-01 | B14: =EIA_Demand!B14*Model_Inputs!$B$5*Model_Inputs!$B$14 -> 1994869.8 | C14: =EIA_Demand!C14*Model_Inputs!$B$5*Model_Inputs!$B$15 -> 1090594.8 | D14: =EIA_Demand!D14*Model_Inputs!$B$5*Model_Inputs!$B$16 -> 1139133.7 | E14: =SUM(B14:D14) -> 4224598.4 | F14: 31 | G14: =B14/F14 -> 64350.64 | H14: =C14/F14 -> 35180.478 | I14: =D14/F14 -> 36746.249
A15: 2026-02 | B15: =EIA_Demand!B15*Model_Inputs!$B$5*Model_Inputs!$B$14 -> 1687606.7 | C15: =EIA_Demand!C15*Model_Inputs!$B$5*Model_Inputs!$B$15 -> 1103298 | D15: =EIA_Demand!D15*Model_Inputs!$B$5*Model_Inputs!$B$16 -> 968503.24 | E15: =SUM(B15:D15) -> 3759407.9 | F15: 28 | G15: =B15/F15 -> 60271.667 | H15: =C15/F15 -> 39403.499 | I15: =D15/F15 -> 34589.401
A16: 2026-03 | B16: =EIA_Demand!B16*Model_Inputs!$B$5*Model_Inputs!$B$14 -> 1380727.7 | C16: =EIA_Demand!C16*Model_Inputs!$B$5*Model_Inputs!$B$15 -> 718124.35 | D16: =EIA_Demand!D16*Model_Inputs!$B$5*Model_Inputs!$B$16 -> 810563.09 | E16: =SUM(B16:D16) -> 2909415.2 | F16: 31 | G16: =B16/F16 -> 44539.604 | H16: =C16/F16 -> 23165.302 | I16: =D16/F16 -> 26147.196
A17: ANNUAL TOTAL | B17: =SUM(B5:B16) -> 13999500 | C17: =SUM(C5:C16) -> 7777500 | D17: =SUM(D5:D16) -> 9333000 | E17: =SUM(E5:E16) -> 31110000 | F17: =SUM(F5:F16) -> 365
A19: Model requirement: Dth/month, not statewide MMcf and not Dth/day. Daily columns are monthly AVERAGES for checks only.

Sheet Storage_Inputs
A1: Merchant storage capacity & initial inventory for LP
A2: State total capacity x assumed leased share; I0 = leased capacity x observed March-2025 state fill ratio
A4: FACILITY | B4: EIA STATE CAPACITY (MMcf) | C4: LEASE SHARE | D4: LEASED MAX (MMcf) | E4: LEASED MAX (Bcf) | F4: LEASED MAX (Dth) | G4: EIA MAR25 INVENTORY (MMcf) | H4: INITIAL FILL | I4: MODEL I0 (MMcf) | J4: MODEL I0 (Bcf) | K4: MODEL I0 (Dth)
A5: PA Hub | B5: =Model_Inputs!B19 -> 426326 | C5: =Model_Inputs!B17 -> 0.005 | D5: =B5*C5 -> 2131.63 | E5: =D5/Model_Inputs!$B$6 -> 2.13163 | F5: =D5*Model_Inputs!$B$5 -> 2210500.3 | G5: =Model_Inputs!B21 -> 126799 | H5: =Model_Inputs!B23 -> 0.29742263 | I5: =D5*H5 -> 633.995 | J5: =I5/Model_Inputs!$B$6 -> 0.633995 | K5: =I5*Model_Inputs!$B$5 -> 657452.82
A6: NY Market | B6: =Model_Inputs!B20 -> 125198 | C6: =Model_Inputs!B18 -> 0.01 | D6: =B6*C6 -> 1251.98 | E6: =D6/Model_Inputs!$B$6 -> 1.25198 | F6: =D6*Model_Inputs!$B$5 -> 1298303.3 | G6: =Model_Inputs!B22 -> 42090 | H6: =Model_Inputs!B24 -> 0.33618748 | I6: =D6*H6 -> 420.9 | J6: =I6/Model_Inputs!$B$6 -> 0.4209 | K6: =I6*Model_Inputs!$B$5 -> 436473.3
A7: TOTAL | D7: =SUM(D5:D6) -> 3383.61 | E7: =SUM(E5:E6) -> 3.38361 | F7: =SUM(F5:F6) -> 3508803.6 | I7: =SUM(I5:I6) -> 1054.895 | J7: =SUM(J5:J6) -> 1.054895 | K7: =SUM(K5:K6) -> 1093926.1
A10: What is I0? | B10: Initial working-gas inventory at the beginning of Apr 2025 (LP fixed parameter).
A11: What is Imax? | B11: Maximum LEASED working-gas volume for one hypothetical facility (LP bound, NOT state capacity).
A12: What about I[f,t]? | B12: Monthly end-inventory is a MODEL DECISION VARIABLE; it is not the EIA state monthly inventory.
A13: Operational caveats | B13: Injection/withdrawal rate bounds and actual downstream access must be checked independently.

Sheet EIA_Storage_History
A1: EIA statewide working-gas inventory history
A2: Monthly EIA state inventory from supplied CSV; merchant inventory I[f,t] remains an LP decision variable
A4: MONTH | B4: NY inventory (MMcf) | C4: PA inventory (MMcf) | D4: NY (Dth; ref only) | E4: PA (Dth; ref only)
A5: 2025-03 | B5: 42090 | C5: 126799 | D5: =B5*Model_Inputs!$B$5 -> 43647330 | E5: =C5*Model_Inputs!$B$5 -> 131490563
A6: 2025-04 | B6: 48830 | C6: 156008 | D6: =B6*Model_Inputs!$B$5 -> 50636710 | E6: =C6*Model_Inputs!$B$5 -> 161780296
A7: 2025-05 | B7: 62910 | C7: 216963 | D7: =B7*Model_Inputs!$B$5 -> 65237670 | E7: =C7*Model_Inputs!$B$5 -> 224990631
A8: 2025-06 | B8: 72481 | C8: 259612 | D8: =B8*Model_Inputs!$B$5 -> 75162797 | E8: =C8*Model_Inputs!$B$5 -> 269217644
A9: 2025-07 | B9: 74867 | C9: 267889 | D9: =B9*Model_Inputs!$B$5 -> 77637079 | E9: =C9*Model_Inputs!$B$5 -> 277800893
A10: 2025-08 | B10: 81946 | C10: 300183 | D10: =B10*Model_Inputs!$B$5 -> 84978002 | E10: =C10*Model_Inputs!$B$5 -> 311289771
A11: 2025-09 | B11: 92431 | C11: 344623 | D11: =B11*Model_Inputs!$B$5 -> 95850947 | E11: =C11*Model_Inputs!$B$5 -> 357374051
A12: 2025-10 | B12: 101867 | C12: 374578 | D12: =B12*Model_Inputs!$B$5 -> 105636079 | E12: =C12*Model_Inputs!$B$5 -> 388437386
A13: 2025-11 | B13: 100339 | C13: 369870 | D13: =B13*Model_Inputs!$B$5 -> 104051543 | E13: =C13*Model_Inputs!$B$5 -> 383555190
A14: 2025-12 | B14: 84528 | C14: 303400 | D14: =B14*Model_Inputs!$B$5 -> 87655536 | E14: =C14*Model_Inputs!$B$5 -> 314625800
A15: 2026-01 | B15: 62451 | C15: 204830 | D15: =B15*Model_Inputs!$B$5 -> 64761687 | E15: =C15*Model_Inputs!$B$5 -> 212408710
A16: 2026-02 | B16: 44490 | C16: 132260 | D16: =B16*Model_Inputs!$B$5 -> 46136130 | E16: =C16*Model_Inputs!$B$5 -> 137153620
A17: 2026-03 | B17: 34857 | C17: 129397 | D17: =B17*Model_Inputs!$B$5 -> 36146709 | E17: =C17*Model_Inputs!$B$5 -> 134184689
A19: March 2025 (yellow) is the pre-model state inventory reference for initial fill ratios.
A20: Apr 2025-Mar 2026 observed STATE inventories are included for reference only; never paste them as merchant I[f,t].

Sheet LP_Ready
A1: LP-ready inputs: Demand + Storage
A2: Copy monthly NY/NJ/PA demand in Dth/month; storage rows below are in Dth
A4: Month | B4: D_NY,t (Dth/month) | C4: D_NJ,t (Dth/month) | D4: D_PA,t (Dth/month)
A5: =Monthly_Demand_Dth!A5 -> 2025-04 | B5: =Monthly_Demand_Dth!B5 -> 935268.4 | C5: =Monthly_Demand_Dth!C5 -> 645626.31 | D5: =Monthly_Demand_Dth!D5 -> 654062.1
A6: =Monthly_Demand_Dth!A6 -> 2025-05 | B6: =Monthly_Demand_Dth!B6 -> 744006.25 | C6: =Monthly_Demand_Dth!C6 -> 326279.13 | D6: =Monthly_Demand_Dth!D6 -> 648818.63
A7: =Monthly_Demand_Dth!A7 -> 2025-06 | B7: =Monthly_Demand_Dth!B7 -> 831633.94 | C7: =Monthly_Demand_Dth!C7 -> 423532.6 | D7: =Monthly_Demand_Dth!D7 -> 682008.71
A8: =Monthly_Demand_Dth!A8 -> 2025-07 | B8: =Monthly_Demand_Dth!B8 -> 1002409.9 | C8: =Monthly_Demand_Dth!C8 -> 520243.66 | D8: =Monthly_Demand_Dth!D8 -> 755461.98
A9: =Monthly_Demand_Dth!A9 -> 2025-08 | B9: =Monthly_Demand_Dth!B9 -> 799822.64 | C9: =Monthly_Demand_Dth!C9 -> 418575 | D9: =Monthly_Demand_Dth!D9 -> 685874.38
A10: =Monthly_Demand_Dth!A10 -> 2025-09 | B10: =Monthly_Demand_Dth!B10 -> 697189.24 | C10: =Monthly_Demand_Dth!C10 -> 361459.61 | D10: =Monthly_Demand_Dth!D10 -> 617296.42
A11: =Monthly_Demand_Dth!A11 -> 2025-10 | B11: =Monthly_Demand_Dth!B11 -> 839409.81 | C11: =Monthly_Demand_Dth!C11 -> 462108.54 | D11: =Monthly_Demand_Dth!D11 -> 619773.13
A12: =Monthly_Demand_Dth!A12 -> 2025-11 | B12: =Monthly_Demand_Dth!B12 -> 1256698 | C12: =Monthly_Demand_Dth!C12 -> 688584.9 | D12: =Monthly_Demand_Dth!D12 -> 759718.12
A13: =Monthly_Demand_Dth!A13 -> 2025-12 | B13: =Monthly_Demand_Dth!B13 -> 1829857.6 | C13: =Monthly_Demand_Dth!C13 -> 1019073.1 | D13: =Monthly_Demand_Dth!D13 -> 991786.5
A14: =Monthly_Demand_Dth!A14 -> 2026-01 | B14: =Monthly_Demand_Dth!B14 -> 1994869.8 | C14: =Monthly_Demand_Dth!C14 -> 1090594.8 | D14: =Monthly_Demand_Dth!D14 -> 1139133.7
A15: =Monthly_Demand_Dth!A15 -> 2026-02 | B15: =Monthly_Demand_Dth!B15 -> 1687606.7 | C15: =Monthly_Demand_Dth!C15 -> 1103298 | D15: =Monthly_Demand_Dth!D15 -> 968503.24
A16: =Monthly_Demand_Dth!A16 -> 2026-03 | B16: =Monthly_Demand_Dth!B16 -> 1380727.7 | C16: =Monthly_Demand_Dth!C16 -> 718124.35 | D16: =Monthly_Demand_Dth!D16 -> 810563.09
A18: FACILITY | B18: I_bar_f (Dth) | C18: I_f,0 (Dth) | D18: INITIAL FILL (%)
A19: =Storage_Inputs!A5 -> PA Hub | B19: =Storage_Inputs!F5 -> 2210500.3 | C19: =Storage_Inputs!K5 -> 657452.82 | D19: =Storage_Inputs!H5 -> 0.29742263
A20: =Storage_Inputs!A6 -> NY Market | B20: =Storage_Inputs!F6 -> 1298303.3 | C20: =Storage_Inputs!K6 -> 436473.3 | D20: =Storage_Inputs!H6 -> 0.33618748
A22: Output assumptions are preliminary, not verified merchant contracts. See Model_Inputs and README.
